urls,sol
https://mars.nasa.gov/mars2020-raw-images/pub/ods/surface/sol/00484/ids/edr/browse/ncam/NLF_0484_0709907759_225ECM_N0261004NCAM00501_01_295J01_1200.jpg,484
https://mars.nasa.gov/mars2020-raw-images/pub/ods/surface/sol/00484/ids/edr/browse/ncam/NLF_0484_0709907812_488ECM_N0261004NCAM00501_01_295J01_1200.jpg,484
https://mars.nasa.gov/mars2020-raw-images/pub/ods/surface/sol/00484/ids/edr/browse/ncam/NLF_0484_0709907860_852ECM_N0261004NCAM00501_01_295J01_1200.jpg,484
https://mars.nasa.gov/mars2020-raw-images/pub/ods/surface/sol/00484/ids/edr/browse/ncam/NLF_0484_0709907912_869ECM_N0261004NCAM00501_01_295J01_1200.jpg,484
https://mars.nasa.gov/mars2020-raw-images/pub/ods/surface/sol/00484/ids/edr/browse/ncam/NLF_0484_0709907978_257ECM_N0261004NCAM00501_01_295J01_1200.jpg,484
https://mars.nasa.gov/mars2020-raw-images/pub/ods/surface/sol/00484/ids/edr/browse/ncam/NLG_0484_0709907643_534ECM_N0261004NCAM00525_00_2I4J01_1200.jpg,484
https://mars.nasa.gov/mars2020-raw-images/pub/ods/surface/sol/00484/ids/edr/browse/ncam/NLG_0484_0709907647_506ECM_N0261004NCAM00525_00_2I4J01_1200.jpg,484
https://mars.nasa.gov/mars2020-raw-images/pub/ods/surface/sol/00484/ids/edr/browse/ncam/NLG_0484_0709907655_521ECM_N0261004NCAM00525_00_2I4J01_1200.jpg,484
https://mars.nasa.gov/mars2020-raw-images/pub/ods/surface/sol/00484/ids/edr/browse/ncam/NLG_0484_0709907664_506ECM_N0261004NCAM00525_00_2I4J01_1200.jpg,484
https://mars.nasa.gov/mars2020-raw-images/pub/ods/surface/sol/00484/ids/edr/browse/ncam/NLG_0484_0709907668_521ECM_N0261004NCAM00525_00_2I4J01_1200.jpg,484
https://mars.nasa.gov/mars2020-raw-images/pub/ods/surface/sol/00484/ids/edr/browse/ncam/NLG_0484_0709907584_236ECM_N0261004NCAM00525_00_2I4J01_1200.jpg,484
https://mars.nasa.gov/mars2020-raw-images/pub/ods/surface/sol/00484/ids/edr/browse/ncam/NLG_0484_0709907588_622ECM_N0261004NCAM00525_00_2I4J01_1200.jpg,484
https://mars.nasa.gov/mars2020-raw-images/pub/ods/surface/sol/00484/ids/edr/browse/ncam/NLG_0484_0709907592_612ECM_N0261004NCAM00525_00_2I4J01_1200.jpg,484
https://mars.nasa.gov/mars2020-raw-images/pub/ods/surface/sol/00484/ids/edr/browse/ncam/NLG_0484_0709907596_630ECM_N0261004NCAM00525_00_2I4J01_1200.jpg,484
https://mars.nasa.gov/mars2020-raw-images/pub/ods/surface/sol/00484/ids/edr/browse/ncam/NLG_0484_0709907600_645ECM_N0261004NCAM00525_00_2I4J01_1200.jpg,484
https://mars.nasa.gov/mars2020-raw-images/pub/ods/surface/sol/00484/ids/edr/browse/ncam/NLG_0484_0709907605_522ECM_N0261004NCAM00525_00_2I4J01_1200.jpg,484
https://mars.nasa.gov/mars2020-raw-images/pub/ods/surface/sol/00484/ids/edr/browse/ncam/NLG_0484_0709907609_534ECM_N0261004NCAM00525_00_2I4J01_1200.jpg,484
https://mars.nasa.gov/mars2020-raw-images/pub/ods/surface/sol/00484/ids/edr/browse/ncam/NLG_0484_0709907613_521ECM_N0261004NCAM00525_00_2I4J01_1200.jpg,484
https://mars.nasa.gov/mars2020-raw-images/pub/ods/surface/sol/00484/ids/edr/browse/ncam/NLG_0484_0709907617_895ECM_N0261004NCAM00525_00_2I4J01_1200.jpg,484
https://mars.nasa.gov/mars2020-raw-images/pub/ods/surface/sol/00484/ids/edr/browse/ncam/NLG_0484_0709907622_506ECM_N0261004NCAM00525_00_2I4J01_1200.jpg,484
https://mars.nasa.gov/mars2020-raw-images/pub/ods/surface/sol/00484/ids/edr/browse/ncam/NLG_0484_0709907626_566ECM_N0261004NCAM00525_00_2I4J01_1200.jpg,484
https://mars.nasa.gov/mars2020-raw-images/pub/ods/surface/sol/00484/ids/edr/browse/ncam/NLG_0484_0709907630_612ECM_N0261004NCAM00525_00_2I4J01_1200.jpg,484
https://mars.nasa.gov/mars2020-raw-images/pub/ods/surface/sol/00484/ids/edr/browse/ncam/NLG_0484_0709907635_535ECM_N0261004NCAM00525_00_2I4J01_1200.jpg,484
https://mars.nasa.gov/mars2020-raw-images/pub/ods/surface/sol/00484/ids/edr/browse/ncam/NLG_0484_0709907639_534ECM_N0261004NCAM00525_00_2I4J01_1200.jpg,484
https://mars.nasa.gov/mars2020-raw-images/pub/ods/surface/sol/00484/ids/edr/browse/ncam/NLG_0484_0709907651_534ECM_N0261004NCAM00525_00_2I4J01_1200.jpg,484
https://mars.nasa.gov/mars2020-raw-images/pub/ods/surface/sol/00484/ids/edr/browse/ncam/NLG_0484_0709907659_645ECM_N0261004NCAM00525_00_2I4J01_1200.jpg,484
https://mars.nasa.gov/mars2020-raw-images/pub/ods/surface/sol/00484/ids/edr/browse/zcam/ZR0_0484_0709917847_775EBY_N0261004ZCAM00020_0260LMJ02_1200.jpg,484
https://mars.nasa.gov/mars2020-raw-images/pub/ods/surface/sol/00484/ids/edr/browse/zcam/ZR0_0484_0709917847_775ECM_N0261004ZCAM00020_0260LMJ02_1200.jpg,484
https://mars.nasa.gov/mars2020-raw-images/pub/ods/surface/sol/00484/ids/edr/browse/zcam/ZR0_0484_0709917905_769EBY_N0261004ZCAM00020_0260LMJ01_1200.jpg,484
https://mars.nasa.gov/mars2020-raw-images/pub/ods/surface/sol/00484/ids/edr/browse/zcam/ZR0_0484_0709917905_769ECM_N0261004ZCAM00020_0260LMJ01_1200.jpg,484
https://mars.nasa.gov/mars2020-raw-images/pub/ods/surface/sol/00484/ids/edr/browse/zcam/ZR0_0484_0709906827_081EBY_N0261004ZCAM08513_0340LMJ01_1200.jpg,484
https://mars.nasa.gov/mars2020-raw-images/pub/ods/surface/sol/00484/ids/edr/browse/zcam/ZR0_0484_0709907179_081EBY_N0261004ZCAM08513_0340LMJ01_1200.jpg,484
https://mars.nasa.gov/mars2020-raw-images/pub/ods/surface/sol/00484/ids/edr/browse/zcam/ZR0_0484_0709907265_081EBY_N0261004ZCAM08513_0340LMJ01_1200.jpg,484
https://mars.nasa.gov/mars2020-raw-images/pub/ods/surface/sol/00484/ids/edr/browse/zcam/ZR0_0484_0709907063_081EBY_N0261004ZCAM08513_0340LMJ01_1200.jpg,484
https://mars.nasa.gov/mars2020-raw-images/pub/ods/surface/sol/00484/ids/edr/browse/zcam/ZR0_0484_0709907080_098EBY_N0261004ZCAM08513_0340LMJ01_1200.jpg,484
https://mars.nasa.gov/mars2020-raw-images/pub/ods/surface/sol/00484/ids/edr/browse/zcam/ZR0_0484_0709907093_081EBY_N0261004ZCAM08513_0340LMJ01_1200.jpg,484
https://mars.nasa.gov/mars2020-raw-images/pub/ods/surface/sol/00484/ids/edr/browse/zcam/ZR0_0484_0709907115_082EBY_N0261004ZCAM08513_0340LMJ01_1200.jpg,484
https://mars.nasa.gov/mars2020-raw-images/pub/ods/surface/sol/00484/ids/edr/browse/zcam/ZR0_0484_0709907132_081EBY_N0261004ZCAM08513_0340LMJ01_1200.jpg,484
https://mars.nasa.gov/mars2020-raw-images/pub/ods/surface/sol/00484/ids/edr/browse/zcam/ZR0_0484_0709907146_081EBY_N0261004ZCAM08513_0340LMJ01_1200.jpg,484
https://mars.nasa.gov/mars2020-raw-images/pub/ods/surface/sol/00484/ids/edr/browse/zcam/ZR0_0484_0709907162_081EBY_N0261004ZCAM08513_0340LMJ01_1200.jpg,484
https://mars.nasa.gov/mars2020-raw-images/pub/ods/surface/sol/00484/ids/edr/browse/zcam/ZR0_0484_0709907211_081EBY_N0261004ZCAM08513_0340LMJ01_1200.jpg,484
https://mars.nasa.gov/mars2020-raw-images/pub/ods/surface/sol/00484/ids/edr/browse/zcam/ZR0_0484_0709907246_081EBY_N0261004ZCAM08513_0340LMJ01_1200.jpg,484
https://mars.nasa.gov/mars2020-raw-images/pub/ods/surface/sol/00484/ids/edr/browse/zcam/ZR0_0484_0709906794_081EBY_N0261004ZCAM08513_0340LMJ01_1200.jpg,484
https://mars.nasa.gov/mars2020-raw-images/pub/ods/surface/sol/00484/ids/edr/browse/zcam/ZR0_0484_0709906827_081ECM_N0261004ZCAM08513_0340LMJ01_1200.jpg,484
https://mars.nasa.gov/mars2020-raw-images/pub/ods/surface/sol/00484/ids/edr/browse/zcam/ZR0_0484_0709906860_081EBY_N0261004ZCAM08513_0340LMJ01_1200.jpg,484
https://mars.nasa.gov/mars2020-raw-images/pub/ods/surface/sol/00484/ids/edr/browse/zcam/ZR0_0484_0709906899_082EBY_N0261004ZCAM08513_0340LMJ01_1200.jpg,484
https://mars.nasa.gov/mars2020-raw-images/pub/ods/surface/sol/00484/ids/edr/browse/zcam/ZR0_0484_0709906938_081EBY_N0261004ZCAM08513_0340LMJ01_1200.jpg,484
https://mars.nasa.gov/mars2020-raw-images/pub/ods/surface/sol/00484/ids/edr/browse/zcam/ZR0_0484_0709906957_081EBY_N0261004ZCAM08513_0340LMJ01_1200.jpg,484
https://mars.nasa.gov/mars2020-raw-images/pub/ods/surface/sol/00484/ids/edr/browse/zcam/ZR0_0484_0709906990_081EBY_N0261004ZCAM08513_0340LMJ01_1200.jpg,484
https://mars.nasa.gov/mars2020-raw-images/pub/ods/surface/sol/00484/ids/edr/browse/zcam/ZR0_0484_0709907011_081EBY_N0261004ZCAM08513_0340LMJ01_1200.jpg,484
https://mars.nasa.gov/mars2020-raw-images/pub/ods/surface/sol/00484/ids/edr/browse/zcam/ZR0_0484_0709907044_081EBY_N0261004ZCAM08513_0340LMJ01_1200.jpg,484
https://mars.nasa.gov/mars2020-raw-images/pub/ods/surface/sol/00484/ids/edr/browse/zcam/ZR0_0484_0709907179_081ECM_N0261004ZCAM08513_0340LMJ01_1200.jpg,484
https://mars.nasa.gov/mars2020-raw-images/pub/ods/surface/sol/00484/ids/edr/browse/zcam/ZR0_0484_0709907265_081ECM_N0261004ZCAM08513_0340LMJ01_1200.jpg,484
https://mars.nasa.gov/mars2020-raw-images/pub/ods/surface/sol/00484/ids/edr/browse/zcam/ZR0_0484_0709906658_081EBY_N0261004ZCAM08513_0340LMJ01_1200.jpg,484
https://mars.nasa.gov/mars2020-raw-images/pub/ods/surface/sol/00484/ids/edr/browse/zcam/ZR0_0484_0709906693_098EBY_N0261004ZCAM08513_0340LMJ01_1200.jpg,484
https://mars.nasa.gov/mars2020-raw-images/pub/ods/surface/sol/00484/ids/edr/browse/zcam/ZR0_0484_0709906712_081EBY_N0261004ZCAM08513_0340LMJ01_1200.jpg,484
https://mars.nasa.gov/mars2020-raw-images/pub/ods/surface/sol/00484/ids/edr/browse/zcam/ZR0_0484_0709906727_081EBY_N0261004ZCAM08513_0340LMJ01_1200.jpg,484
https://mars.nasa.gov/mars2020-raw-images/pub/ods/surface/sol/00484/ids/edr/browse/zcam/ZR0_0484_0709906741_081EBY_N0261004ZCAM08513_0340LMJ01_1200.jpg,484
https://mars.nasa.gov/mars2020-raw-images/pub/ods/surface/sol/00484/ids/edr/browse/zcam/ZR0_0484_0709906777_081EBY_N0261004ZCAM08513_0340LMJ01_1200.jpg,484
https://mars.nasa.gov/mars2020-raw-images/pub/ods/surface/sol/00484/ids/edr/browse/zcam/ZR0_0484_0709906812_081EBY_N0261004ZCAM08513_0340LMJ01_1200.jpg,484
https://mars.nasa.gov/mars2020-raw-images/pub/ods/surface/sol/00484/ids/edr/browse/zcam/ZR0_0484_0709906860_081ECM_N0261004ZCAM08513_0340LMJ01_1200.jpg,484
https://mars.nasa.gov/mars2020-raw-images/pub/ods/surface/sol/00484/ids/edr/browse/zcam/ZR0_0484_0709906899_082ECM_N0261004ZCAM08513_0340LMJ01_1200.jpg,484
https://mars.nasa.gov/mars2020-raw-images/pub/ods/surface/sol/00484/ids/edr/browse/zcam/ZR0_0484_0709906957_081ECM_N0261004ZCAM08513_0340LMJ01_1200.jpg,484
https://mars.nasa.gov/mars2020-raw-images/pub/ods/surface/sol/00484/ids/edr/browse/zcam/ZR0_0484_0709906990_081ECM_N0261004ZCAM08513_0340LMJ01_1200.jpg,484
https://mars.nasa.gov/mars2020-raw-images/pub/ods/surface/sol/00484/ids/edr/browse/zcam/ZR0_0484_0709907011_081ECM_N0261004ZCAM08513_0340LMJ01_1200.jpg,484
https://mars.nasa.gov/mars2020-raw-images/pub/ods/surface/sol/00484/ids/edr/browse/zcam/ZR0_0484_0709907044_081ECM_N0261004ZCAM08513_0340LMJ01_1200.jpg,484
https://mars.nasa.gov/mars2020-raw-images/pub/ods/surface/sol/00484/ids/edr/browse/zcam/ZR0_0484_0709907063_081ECM_N0261004ZCAM08513_0340LMJ01_1200.jpg,484
https://mars.nasa.gov/mars2020-raw-images/pub/ods/surface/sol/00484/ids/edr/browse/zcam/ZR0_0484_0709907080_098ECM_N0261004ZCAM08513_0340LMJ01_1200.jpg,484
https://mars.nasa.gov/mars2020-raw-images/pub/ods/surface/sol/00484/ids/edr/browse/zcam/ZR0_0484_0709907093_081ECM_N0261004ZCAM08513_0340LMJ01_1200.jpg,484
https://mars.nasa.gov/mars2020-raw-images/pub/ods/surface/sol/00484/ids/edr/browse/zcam/ZR0_0484_0709907115_082ECM_N0261004ZCAM08513_0340LMJ01_1200.jpg,484
https://mars.nasa.gov/mars2020-raw-images/pub/ods/surface/sol/00484/ids/edr/browse/zcam/ZR0_0484_0709907132_081ECM_N0261004ZCAM08513_0340LMJ01_1200.jpg,484
https://mars.nasa.gov/mars2020-raw-images/pub/ods/surface/sol/00484/ids/edr/browse/zcam/ZR0_0484_0709907146_081ECM_N0261004ZCAM08513_0340LMJ01_1200.jpg,484
https://mars.nasa.gov/mars2020-raw-images/pub/ods/surface/sol/00484/ids/edr/browse/zcam/ZR0_0484_0709907162_081ECM_N0261004ZCAM08513_0340LMJ01_1200.jpg,484
https://mars.nasa.gov/mars2020-raw-images/pub/ods/surface/sol/00484/ids/edr/browse/zcam/ZR0_0484_0709907211_081ECM_N0261004ZCAM08513_0340LMJ01_1200.jpg,484
https://mars.nasa.gov/mars2020-raw-images/pub/ods/surface/sol/00484/ids/edr/browse/zcam/ZR0_0484_0709907246_081ECM_N0261004ZCAM08513_0340LMJ01_1200.jpg,484
https://mars.nasa.gov/mars2020-raw-images/pub/ods/surface/sol/00484/ids/edr/browse/zcam/ZR0_0484_0709906642_081EBY_N0261004ZCAM08513_0340LMJ01_1200.jpg,484
https://mars.nasa.gov/mars2020-raw-images/pub/ods/surface/sol/00484/ids/edr/browse/zcam/ZR0_0484_0709906642_081ECM_N0261004ZCAM08513_0340LMJ01_1200.jpg,484
https://mars.nasa.gov/mars2020-raw-images/pub/ods/surface/sol/00484/ids/edr/browse/zcam/ZR0_0484_0709906658_081ECM_N0261004ZCAM08513_0340LMJ01_1200.jpg,484
https://mars.nasa.gov/mars2020-raw-images/pub/ods/surface/sol/00484/ids/edr/browse/zcam/ZR0_0484_0709906693_098ECM_N0261004ZCAM08513_0340LMJ01_1200.jpg,484
https://mars.nasa.gov/mars2020-raw-images/pub/ods/surface/sol/00484/ids/edr/browse/zcam/ZR0_0484_0709906712_081ECM_N0261004ZCAM08513_0340LMJ01_1200.jpg,484
https://mars.nasa.gov/mars2020-raw-images/pub/ods/surface/sol/00484/ids/edr/browse/zcam/ZR0_0484_0709906727_081ECM_N0261004ZCAM08513_0340LMJ01_1200.jpg,484
https://mars.nasa.gov/mars2020-raw-images/pub/ods/surface/sol/00484/ids/edr/browse/zcam/ZR0_0484_0709906741_081ECM_N0261004ZCAM08513_0340LMJ01_1200.jpg,484
https://mars.nasa.gov/mars2020-raw-images/pub/ods/surface/sol/00484/ids/edr/browse/zcam/ZR0_0484_0709906777_081ECM_N0261004ZCAM08513_0340LMJ01_1200.jpg,484
https://mars.nasa.gov/mars2020-raw-images/pub/ods/surface/sol/00484/ids/edr/browse/zcam/ZR0_0484_0709906794_081ECM_N0261004ZCAM08513_0340LMJ01_1200.jpg,484
https://mars.nasa.gov/mars2020-raw-images/pub/ods/surface/sol/00484/ids/edr/browse/zcam/ZR0_0484_0709906812_081ECM_N0261004ZCAM08513_0340LMJ01_1200.jpg,484
https://mars.nasa.gov/mars2020-raw-images/pub/ods/surface/sol/00484/ids/edr/browse/zcam/ZR0_0484_0709906938_081ECM_N0261004ZCAM08513_0340LMJ01_1200.jpg,484
https://mars.nasa.gov/mars2020-raw-images/pub/ods/surface/sol/00484/ids/edr/browse/zcam/ZR1_0484_0709905698_770EBY_N0261004ZCAM03395_1100LMJ01_1200.jpg,484
https://mars.nasa.gov/mars2020-raw-images/pub/ods/surface/sol/00484/ids/edr/browse/zcam/ZR1_0484_0709905946_943EBY_N0261004ZCAM03396_0790LMJ01_1200.jpg,484
https://mars.nasa.gov/mars2020-raw-images/pub/ods/surface/sol/00484/ids/edr/browse/zcam/ZR2_0484_0709905709_769EBY_N0261004ZCAM03395_1100LMJ01_1200.jpg,484
https://mars.nasa.gov/mars2020-raw-images/pub/ods/surface/sol/00484/ids/edr/browse/zcam/ZR2_0484_0709905959_943EBY_N0261004ZCAM03396_0790LMJ01_1200.jpg,484
https://mars.nasa.gov/mars2020-raw-images/pub/ods/surface/sol/00484/ids/edr/browse/zcam/ZR3_0484_0709905720_769EBY_N0261004ZCAM03395_1100LMJ01_1200.jpg,484
https://mars.nasa.gov/mars2020-raw-images/pub/ods/surface/sol/00484/ids/edr/browse/zcam/ZR3_0484_0709905974_943EBY_N0261004ZCAM03396_0790LMJ01_1200.jpg,484
https://mars.nasa.gov/mars2020-raw-images/pub/ods/surface/sol/00484/ids/edr/browse/zcam/ZR4_0484_0709905731_771EBY_N0261004ZCAM03395_1100LMJ01_1200.jpg,484
https://mars.nasa.gov/mars2020-raw-images/pub/ods/surface/sol/00484/ids/edr/browse/zcam/ZR4_0484_0709905989_943EBY_N0261004ZCAM03396_0790LMJ01_1200.jpg,484
https://mars.nasa.gov/mars2020-raw-images/pub/ods/surface/sol/00484/ids/edr/browse/zcam/ZR5_0484_0709905742_769EBY_N0261004ZCAM03395_1100LMJ01_1200.jpg,484
https://mars.nasa.gov/mars2020-raw-images/pub/ods/surface/sol/00484/ids/edr/browse/zcam/ZR6_0484_0709905753_769EBY_N0261004ZCAM03395_1100LMJ01_1200.jpg,484
https://mars.nasa.gov/mars2020-raw-images/pub/ods/surface/sol/00484/ids/edr/browse/zcam/ZR0_0484_0709905687_769EBY_N0261004ZCAM03395_1100LMJ01_1200.jpg,484
https://mars.nasa.gov/mars2020-raw-images/pub/ods/surface/sol/00484/ids/edr/browse/zcam/ZR0_0484_0709906252_785EBY_N0261004ZCAM03020_0480LMJ01_1200.jpg,484
https://mars.nasa.gov/mars2020-raw-images/pub/ods/surface/sol/00484/ids/edr/browse/zcam/ZR1_0484_0709906233_785EBY_N0261004ZCAM03020_0480LMJ01_1200.jpg,484
https://mars.nasa.gov/mars2020-raw-images/pub/ods/surface/sol/00484/ids/edr/browse/zcam/ZR2_0484_0709906214_785EBY_N0261004ZCAM03020_0480LMJ01_1200.jpg,484
https://mars.nasa.gov/mars2020-raw-images/pub/ods/surface/sol/00484/ids/edr/browse/zcam/ZR3_0484_0709906195_785EBY_N0261004ZCAM03020_0480LMJ01_1200.jpg,484
https://mars.nasa.gov/mars2020-raw-images/pub/ods/surface/sol/00484/ids/edr/browse/zcam/ZR0_0484_0709905658_774EBY_N0261004ZCAM03395_1100LMJ01_1200.jpg,484
https://mars.nasa.gov/mars2020-raw-images/pub/ods/surface/sol/00484/ids/edr/browse/zcam/ZR0_0484_0709905927_943EBY_N0261004ZCAM03396_0790LMJ01_1200.jpg,484
https://mars.nasa.gov/mars2020-raw-images/pub/ods/surface/sol/00484/ids/edr/browse/zcam/ZR1_0484_0709905691_773EBY_N0261004ZCAM03395_1100LMJ01_1200.jpg,484
https://mars.nasa.gov/mars2020-raw-images/pub/ods/surface/sol/00484/ids/edr/browse/zcam/ZR2_0484_0709905702_769EBY_N0261004ZCAM03395_1100LMJ01_1200.jpg,484
https://mars.nasa.gov/mars2020-raw-images/pub/ods/surface/sol/00484/ids/edr/browse/zcam/ZR3_0484_0709905713_769EBY_N0261004ZCAM03395_1100LMJ01_1200.jpg,484
https://mars.nasa.gov/mars2020-raw-images/pub/ods/surface/sol/00484/ids/edr/browse/zcam/ZR4_0484_0709905724_769EBY_N0261004ZCAM03395_1100LMJ01_1200.jpg,484
https://mars.nasa.gov/mars2020-raw-images/pub/ods/surface/sol/00484/ids/edr/browse/zcam/ZR4_0484_0709906176_785EBY_N0261004ZCAM03020_0480LMJ01_1200.jpg,484
https://mars.nasa.gov/mars2020-raw-images/pub/ods/surface/sol/00484/ids/edr/browse/zcam/ZR5_0484_0709905735_769EBY_N0261004ZCAM03395_1100LMJ01_1200.jpg,484
https://mars.nasa.gov/mars2020-raw-images/pub/ods/surface/sol/00484/ids/edr/browse/zcam/ZR5_0484_0709906153_785EBY_N0261004ZCAM03020_0480LMJ01_1200.jpg,484
https://mars.nasa.gov/mars2020-raw-images/pub/ods/surface/sol/00484/ids/edr/browse/zcam/ZR6_0484_0709905746_769EBY_N0261004ZCAM03395_1100LMJ01_1200.jpg,484
https://mars.nasa.gov/mars2020-raw-images/pub/ods/surface/sol/00484/ids/edr/browse/zcam/ZR6_0484_0709906129_785EBY_N0261004ZCAM03020_0480LMJ01_1200.jpg,484
https://mars.nasa.gov/mars2020-raw-images/pub/ods/surface/sol/00484/ids/edr/browse/zcam/ZR7_0484_0709906039_790EBY_N0261004ZCAM03020_0480LMJ01_1200.jpg,484
https://mars.nasa.gov/mars2020-raw-images/pub/ods/surface/sol/00484/ids/edr/browse/zcam/ZR0_0484_0709905687_769ECM_N0261004ZCAM03395_1100LMJ01_1200.jpg,484
https://mars.nasa.gov/mars2020-raw-images/pub/ods/surface/sol/00484/ids/edr/browse/zcam/ZR1_0484_0709905698_770ECM_N0261004ZCAM03395_1100LMJ01_1200.jpg,484
https://mars.nasa.gov/mars2020-raw-images/pub/ods/surface/sol/00484/ids/edr/browse/zcam/ZR1_0484_0709905946_943ECM_N0261004ZCAM03396_0790LMJ01_1200.jpg,484
https://mars.nasa.gov/mars2020-raw-images/pub/ods/surface/sol/00484/ids/edr/browse/zcam/ZR2_0484_0709905709_769ECM_N0261004ZCAM03395_1100LMJ01_1200.jpg,484
https://mars.nasa.gov/mars2020-raw-images/pub/ods/surface/sol/00484/ids/edr/browse/zcam/ZR2_0484_0709905959_943ECM_N0261004ZCAM03396_0790LMJ01_1200.jpg,484
https://mars.nasa.gov/mars2020-raw-images/pub/ods/surface/sol/00484/ids/edr/browse/zcam/ZR3_0484_0709905720_769ECM_N0261004ZCAM03395_1100LMJ01_1200.jpg,484
https://mars.nasa.gov/mars2020-raw-images/pub/ods/surface/sol/00484/ids/edr/browse/zcam/ZR3_0484_0709905974_943ECM_N0261004ZCAM03396_0790LMJ01_1200.jpg,484
https://mars.nasa.gov/mars2020-raw-images/pub/ods/surface/sol/00484/ids/edr/browse/zcam/ZR4_0484_0709905731_771ECM_N0261004ZCAM03395_1100LMJ01_1200.jpg,484
https://mars.nasa.gov/mars2020-raw-images/pub/ods/surface/sol/00484/ids/edr/browse/zcam/ZR4_0484_0709905989_943ECM_N0261004ZCAM03396_0790LMJ01_1200.jpg,484
https://mars.nasa.gov/mars2020-raw-images/pub/ods/surface/sol/00484/ids/edr/browse/zcam/ZR5_0484_0709905742_769ECM_N0261004ZCAM03395_1100LMJ01_1200.jpg,484
https://mars.nasa.gov/mars2020-raw-images/pub/ods/surface/sol/00484/ids/edr/browse/zcam/ZR6_0484_0709905753_769ECM_N0261004ZCAM03395_1100LMJ01_1200.jpg,484
https://mars.nasa.gov/mars2020-raw-images/pub/ods/surface/sol/00484/ids/edr/browse/zcam/ZR0_0484_0709905658_774ECM_N0261004ZCAM03395_1100LMJ01_1200.jpg,484
https://mars.nasa.gov/mars2020-raw-images/pub/ods/surface/sol/00484/ids/edr/browse/zcam/ZR0_0484_0709905927_943ECM_N0261004ZCAM03396_0790LMJ01_1200.jpg,484
https://mars.nasa.gov/mars2020-raw-images/pub/ods/surface/sol/00484/ids/edr/browse/zcam/ZR0_0484_0709906252_785ECM_N0261004ZCAM03020_0480LMJ01_1200.jpg,484
https://mars.nasa.gov/mars2020-raw-images/pub/ods/surface/sol/00484/ids/edr/browse/zcam/ZR1_0484_0709905691_773ECM_N0261004ZCAM03395_1100LMJ01_1200.jpg,484
https://mars.nasa.gov/mars2020-raw-images/pub/ods/surface/sol/00484/ids/edr/browse/zcam/ZR1_0484_0709906233_785ECM_N0261004ZCAM03020_0480LMJ01_1200.jpg,484
https://mars.nasa.gov/mars2020-raw-images/pub/ods/surface/sol/00484/ids/edr/browse/zcam/ZR2_0484_0709905702_769ECM_N0261004ZCAM03395_1100LMJ01_1200.jpg,484
https://mars.nasa.gov/mars2020-raw-images/pub/ods/surface/sol/00484/ids/edr/browse/zcam/ZR2_0484_0709906214_785ECM_N0261004ZCAM03020_0480LMJ01_1200.jpg,484
https://mars.nasa.gov/mars2020-raw-images/pub/ods/surface/sol/00484/ids/edr/browse/zcam/ZR3_0484_0709905713_769ECM_N0261004ZCAM03395_1100LMJ01_1200.jpg,484
https://mars.nasa.gov/mars2020-raw-images/pub/ods/surface/sol/00484/ids/edr/browse/zcam/ZR3_0484_0709906195_785ECM_N0261004ZCAM03020_0480LMJ01_1200.jpg,484
https://mars.nasa.gov/mars2020-raw-images/pub/ods/surface/sol/00484/ids/edr/browse/zcam/ZR4_0484_0709905724_769ECM_N0261004ZCAM03395_1100LMJ01_1200.jpg,484
https://mars.nasa.gov/mars2020-raw-images/pub/ods/surface/sol/00484/ids/edr/browse/zcam/ZR4_0484_0709906176_785ECM_N0261004ZCAM03020_0480LMJ01_1200.jpg,484
https://mars.nasa.gov/mars2020-raw-images/pub/ods/surface/sol/00484/ids/edr/browse/zcam/ZR5_0484_0709905735_769ECM_N0261004ZCAM03395_1100LMJ01_1200.jpg,484
https://mars.nasa.gov/mars2020-raw-images/pub/ods/surface/sol/00484/ids/edr/browse/zcam/ZR5_0484_0709906153_785ECM_N0261004ZCAM03020_0480LMJ01_1200.jpg,484
https://mars.nasa.gov/mars2020-raw-images/pub/ods/surface/sol/00484/ids/edr/browse/zcam/ZR6_0484_0709905746_769ECM_N0261004ZCAM03395_1100LMJ01_1200.jpg,484
https://mars.nasa.gov/mars2020-raw-images/pub/ods/surface/sol/00484/ids/edr/browse/zcam/ZR6_0484_0709906129_785ECM_N0261004ZCAM03020_0480LMJ01_1200.jpg,484
https://mars.nasa.gov/mars2020-raw-images/pub/ods/surface/sol/00484/ids/edr/browse/zcam/ZR7_0484_0709906039_790ECM_N0261004ZCAM03020_0480LMJ01_1200.jpg,484
https://mars.nasa.gov/mars2020-raw-images/pub/ods/surface/sol/00484/ids/edr/browse/zcam/ZL0_0484_0709917905_769EBY_N0261004ZCAM00020_0260LMJ01_1200.jpg,484
https://mars.nasa.gov/mars2020-raw-images/pub/ods/surface/sol/00484/ids/edr/browse/zcam/ZL0_0484_0709917905_769ECM_N0261004ZCAM00020_0260LMJ01_1200.jpg,484
https://mars.nasa.gov/mars2020-raw-images/pub/ods/surface/sol/00484/ids/edr/browse/zcam/ZL1_0484_0709917909_769EBY_N0261004ZCAM00020_0260LMJ01_1200.jpg,484
https://mars.nasa.gov/mars2020-raw-images/pub/ods/surface/sol/00484/ids/edr/browse/zcam/ZL1_0484_0709917909_769ECM_N0261004ZCAM00020_0260LMJ01_1200.jpg,484
https://mars.nasa.gov/mars2020-raw-images/pub/ods/surface/sol/00484/ids/edr/browse/zcam/ZL0_0484_0709907211_081EBY_N0261004ZCAM08513_0340LMJ01_1200.jpg,484
https://mars.nasa.gov/mars2020-raw-images/pub/ods/surface/sol/00484/ids/edr/browse/zcam/ZL0_0484_0709917847_775EBY_N0261004ZCAM00020_0260LMJ01_1200.jpg,484
https://mars.nasa.gov/mars2020-raw-images/pub/ods/surface/sol/00484/ids/edr/browse/zcam/ZL0_0484_0709907011_081EBY_N0261004ZCAM08513_0340LMJ01_1200.jpg,484
https://mars.nasa.gov/mars2020-raw-images/pub/ods/surface/sol/00484/ids/edr/browse/zcam/ZL0_0484_0709907093_081EBY_N0261004ZCAM08513_0340LMJ01_1200.jpg,484
https://mars.nasa.gov/mars2020-raw-images/pub/ods/surface/sol/00484/ids/edr/browse/zcam/ZL0_0484_0709907115_082EBY_N0261004ZCAM08513_0340LMJ01_1200.jpg,484
https://mars.nasa.gov/mars2020-raw-images/pub/ods/surface/sol/00484/ids/edr/browse/zcam/ZL0_0484_0709907132_081EBY_N0261004ZCAM08513_0340LMJ01_1200.jpg,484
https://mars.nasa.gov/mars2020-raw-images/pub/ods/surface/sol/00484/ids/edr/browse/zcam/ZL0_0484_0709907146_081EBY_N0261004ZCAM08513_0340LMJ01_1200.jpg,484
https://mars.nasa.gov/mars2020-raw-images/pub/ods/surface/sol/00484/ids/edr/browse/zcam/ZL0_0484_0709907162_081EBY_N0261004ZCAM08513_0340LMJ01_1200.jpg,484
https://mars.nasa.gov/mars2020-raw-images/pub/ods/surface/sol/00484/ids/edr/browse/zcam/ZL0_0484_0709907179_081EBY_N0261004ZCAM08513_0340LMJ01_1200.jpg,484
https://mars.nasa.gov/mars2020-raw-images/pub/ods/surface/sol/00484/ids/edr/browse/zcam/ZL0_0484_0709907246_081EBY_N0261004ZCAM08513_0340LMJ01_1200.jpg,484
https://mars.nasa.gov/mars2020-raw-images/pub/ods/surface/sol/00484/ids/edr/browse/zcam/ZL0_0484_0709907265_081EBY_N0261004ZCAM08513_0340LMJ01_1200.jpg,484
https://mars.nasa.gov/mars2020-raw-images/pub/ods/surface/sol/00484/ids/edr/browse/zcam/ZL0_0484_0709906794_081EBY_N0261004ZCAM08513_0340LMJ01_1200.jpg,484
https://mars.nasa.gov/mars2020-raw-images/pub/ods/surface/sol/00484/ids/edr/browse/zcam/ZL0_0484_0709906812_081EBY_N0261004ZCAM08513_0340LMJ01_1200.jpg,484
https://mars.nasa.gov/mars2020-raw-images/pub/ods/surface/sol/00484/ids/edr/browse/zcam/ZL0_0484_0709906827_081EBY_N0261004ZCAM08513_0340LMJ01_1200.jpg,484
https://mars.nasa.gov/mars2020-raw-images/pub/ods/surface/sol/00484/ids/edr/browse/zcam/ZL0_0484_0709906860_081EBY_N0261004ZCAM08513_0340LMJ01_1200.jpg,484
https://mars.nasa.gov/mars2020-raw-images/pub/ods/surface/sol/00484/ids/edr/browse/zcam/ZL0_0484_0709906899_082EBY_N0261004ZCAM08513_0340LMJ01_1200.jpg,484
https://mars.nasa.gov/mars2020-raw-images/pub/ods/surface/sol/00484/ids/edr/browse/zcam/ZL0_0484_0709906938_081EBY_N0261004ZCAM08513_0340LMJ01_1200.jpg,484
https://mars.nasa.gov/mars2020-raw-images/pub/ods/surface/sol/00484/ids/edr/browse/zcam/ZL0_0484_0709906957_081EBY_N0261004ZCAM08513_0340LMJ01_1200.jpg,484
https://mars.nasa.gov/mars2020-raw-images/pub/ods/surface/sol/00484/ids/edr/browse/zcam/ZL0_0484_0709906990_081EBY_N0261004ZCAM08513_0340LMJ01_1200.jpg,484
https://mars.nasa.gov/mars2020-raw-images/pub/ods/surface/sol/00484/ids/edr/browse/zcam/ZL0_0484_0709907044_081EBY_N0261004ZCAM08513_0340LMJ01_1200.jpg,484
https://mars.nasa.gov/mars2020-raw-images/pub/ods/surface/sol/00484/ids/edr/browse/zcam/ZL0_0484_0709907063_081EBY_N0261004ZCAM08513_0340LMJ01_1200.jpg,484
https://mars.nasa.gov/mars2020-raw-images/pub/ods/surface/sol/00484/ids/edr/browse/zcam/ZL0_0484_0709907080_098EBY_N0261004ZCAM08513_0340LMJ01_1200.jpg,484
https://mars.nasa.gov/mars2020-raw-images/pub/ods/surface/sol/00484/ids/edr/browse/zcam/ZL0_0484_0709907211_081ECM_N0261004ZCAM08513_0340LMJ01_1200.jpg,484
https://mars.nasa.gov/mars2020-raw-images/pub/ods/surface/sol/00484/ids/edr/browse/zcam/ZL0_0484_0709907246_081ECM_N0261004ZCAM08513_0340LMJ01_1200.jpg,484
https://mars.nasa.gov/mars2020-raw-images/pub/ods/surface/sol/00484/ids/edr/browse/zcam/ZL0_0484_0709917847_775ECM_N0261004ZCAM00020_0260LMJ01_1200.jpg,484
https://mars.nasa.gov/mars2020-raw-images/pub/ods/surface/sol/00484/ids/edr/browse/zcam/ZL0_0484_0709906693_098EBY_N0261004ZCAM08513_0340LMJ01_1200.jpg,484
https://mars.nasa.gov/mars2020-raw-images/pub/ods/surface/sol/00484/ids/edr/browse/zcam/ZL0_0484_0709906712_081EBY_N0261004ZCAM08513_0340LMJ01_1200.jpg,484
https://mars.nasa.gov/mars2020-raw-images/pub/ods/surface/sol/00484/ids/edr/browse/zcam/ZL0_0484_0709906727_081EBY_N0261004ZCAM08513_0340LMJ01_1200.jpg,484
https://mars.nasa.gov/mars2020-raw-images/pub/ods/surface/sol/00484/ids/edr/browse/zcam/ZL0_0484_0709906741_081EBY_N0261004ZCAM08513_0340LMJ01_1200.jpg,484
https://mars.nasa.gov/mars2020-raw-images/pub/ods/surface/sol/00484/ids/edr/browse/zcam/ZL0_0484_0709906777_081EBY_N0261004ZCAM08513_0340LMJ01_1200.jpg,484
https://mars.nasa.gov/mars2020-raw-images/pub/ods/surface/sol/00484/ids/edr/browse/zcam/ZL0_0484_0709906860_081ECM_N0261004ZCAM08513_0340LMJ01_1200.jpg,484
https://mars.nasa.gov/mars2020-raw-images/pub/ods/surface/sol/00484/ids/edr/browse/zcam/ZL0_0484_0709906899_082ECM_N0261004ZCAM08513_0340LMJ01_1200.jpg,484
https://mars.nasa.gov/mars2020-raw-images/pub/ods/surface/sol/00484/ids/edr/browse/zcam/ZL0_0484_0709906938_081ECM_N0261004ZCAM08513_0340LMJ01_1200.jpg,484
https://mars.nasa.gov/mars2020-raw-images/pub/ods/surface/sol/00484/ids/edr/browse/zcam/ZL0_0484_0709906957_081ECM_N0261004ZCAM08513_0340LMJ01_1200.jpg,484
https://mars.nasa.gov/mars2020-raw-images/pub/ods/surface/sol/00484/ids/edr/browse/zcam/ZL0_0484_0709906990_081ECM_N0261004ZCAM08513_0340LMJ01_1200.jpg,484
https://mars.nasa.gov/mars2020-raw-images/pub/ods/surface/sol/00484/ids/edr/browse/zcam/ZL0_0484_0709907011_081ECM_N0261004ZCAM08513_0340LMJ01_1200.jpg,484
https://mars.nasa.gov/mars2020-raw-images/pub/ods/surface/sol/00484/ids/edr/browse/zcam/ZL0_0484_0709907044_081ECM_N0261004ZCAM08513_0340LMJ01_1200.jpg,484
https://mars.nasa.gov/mars2020-raw-images/pub/ods/surface/sol/00484/ids/edr/browse/zcam/ZL0_0484_0709907063_081ECM_N0261004ZCAM08513_0340LMJ01_1200.jpg,484
https://mars.nasa.gov/mars2020-raw-images/pub/ods/surface/sol/00484/ids/edr/browse/zcam/ZL0_0484_0709907080_098ECM_N0261004ZCAM08513_0340LMJ01_1200.jpg,484
https://mars.nasa.gov/mars2020-raw-images/pub/ods/surface/sol/00484/ids/edr/browse/zcam/ZL0_0484_0709907093_081ECM_N0261004ZCAM08513_0340LMJ01_1200.jpg,484
https://mars.nasa.gov/mars2020-raw-images/pub/ods/surface/sol/00484/ids/edr/browse/zcam/ZL0_0484_0709907115_082ECM_N0261004ZCAM08513_0340LMJ01_1200.jpg,484
https://mars.nasa.gov/mars2020-raw-images/pub/ods/surface/sol/00484/ids/edr/browse/zcam/ZL0_0484_0709907132_081ECM_N0261004ZCAM08513_0340LMJ01_1200.jpg,484
https://mars.nasa.gov/mars2020-raw-images/pub/ods/surface/sol/00484/ids/edr/browse/zcam/ZL0_0484_0709907146_081ECM_N0261004ZCAM08513_0340LMJ01_1200.jpg,484
https://mars.nasa.gov/mars2020-raw-images/pub/ods/surface/sol/00484/ids/edr/browse/zcam/ZL0_0484_0709907162_081ECM_N0261004ZCAM08513_0340LMJ01_1200.jpg,484
https://mars.nasa.gov/mars2020-raw-images/pub/ods/surface/sol/00484/ids/edr/browse/zcam/ZL0_0484_0709907179_081ECM_N0261004ZCAM08513_0340LMJ01_1200.jpg,484
https://mars.nasa.gov/mars2020-raw-images/pub/ods/surface/sol/00484/ids/edr/browse/zcam/ZL0_0484_0709907265_081ECM_N0261004ZCAM08513_0340LMJ01_1200.jpg,484
https://mars.nasa.gov/mars2020-raw-images/pub/ods/surface/sol/00484/ids/edr/browse/zcam/ZL0_0484_0709906658_081EBY_N0261004ZCAM08513_0340LMJ01_1200.jpg,484
https://mars.nasa.gov/mars2020-raw-images/pub/ods/surface/sol/00484/ids/edr/browse/zcam/ZL0_0484_0709906658_081ECM_N0261004ZCAM08513_0340LMJ01_1200.jpg,484
https://mars.nasa.gov/mars2020-raw-images/pub/ods/surface/sol/00484/ids/edr/browse/zcam/ZL0_0484_0709906693_098ECM_N0261004ZCAM08513_0340LMJ01_1200.jpg,484
https://mars.nasa.gov/mars2020-raw-images/pub/ods/surface/sol/00484/ids/edr/browse/zcam/ZL0_0484_0709906712_081ECM_N0261004ZCAM08513_0340LMJ01_1200.jpg,484
https://mars.nasa.gov/mars2020-raw-images/pub/ods/surface/sol/00484/ids/edr/browse/zcam/ZL0_0484_0709906727_081ECM_N0261004ZCAM08513_0340LMJ01_1200.jpg,484
https://mars.nasa.gov/mars2020-raw-images/pub/ods/surface/sol/00484/ids/edr/browse/zcam/ZL0_0484_0709906741_081ECM_N0261004ZCAM08513_0340LMJ01_1200.jpg,484
https://mars.nasa.gov/mars2020-raw-images/pub/ods/surface/sol/00484/ids/edr/browse/zcam/ZL0_0484_0709906777_081ECM_N0261004ZCAM08513_0340LMJ01_1200.jpg,484
https://mars.nasa.gov/mars2020-raw-images/pub/ods/surface/sol/00484/ids/edr/browse/zcam/ZL0_0484_0709906794_081ECM_N0261004ZCAM08513_0340LMJ01_1200.jpg,484
https://mars.nasa.gov/mars2020-raw-images/pub/ods/surface/sol/00484/ids/edr/browse/zcam/ZL0_0484_0709906812_081ECM_N0261004ZCAM08513_0340LMJ01_1200.jpg,484
https://mars.nasa.gov/mars2020-raw-images/pub/ods/surface/sol/00484/ids/edr/browse/zcam/ZL0_0484_0709906827_081ECM_N0261004ZCAM08513_0340LMJ01_1200.jpg,484
https://mars.nasa.gov/mars2020-raw-images/pub/ods/surface/sol/00484/ids/edr/browse/zcam/ZL1_0484_0709905604_769EBY_N0261004ZCAM03395_1100LMJ01_1200.jpg,484
https://mars.nasa.gov/mars2020-raw-images/pub/ods/surface/sol/00484/ids/edr/browse/zcam/ZL1_0484_0709905851_943EBY_N0261004ZCAM03396_0790LMJ01_1200.jpg,484
https://mars.nasa.gov/mars2020-raw-images/pub/ods/surface/sol/00484/ids/edr/browse/zcam/ZL2_0484_0709905864_943EBY_N0261004ZCAM03396_0790LMJ01_1200.jpg,484
https://mars.nasa.gov/mars2020-raw-images/pub/ods/surface/sol/00484/ids/edr/browse/zcam/ZL3_0484_0709905877_943EBY_N0261004ZCAM03396_0790LMJ01_1200.jpg,484
https://mars.nasa.gov/mars2020-raw-images/pub/ods/surface/sol/00484/ids/edr/browse/zcam/ZL4_0484_0709905889_943EBY_N0261004ZCAM03396_0790LMJ01_1200.jpg,484
https://mars.nasa.gov/mars2020-raw-images/pub/ods/surface/sol/00484/ids/edr/browse/zcam/ZL5_0484_0709905902_943EBY_N0261004ZCAM03396_0790LMJ01_1200.jpg,484
https://mars.nasa.gov/mars2020-raw-images/pub/ods/surface/sol/00484/ids/edr/browse/zcam/ZL6_0484_0709905915_943EBY_N0261004ZCAM03396_0790LMJ01_1200.jpg,484
https://mars.nasa.gov/mars2020-raw-images/pub/ods/surface/sol/00484/ids/edr/browse/zcam/ZL0_0484_0709905594_771EBY_N0261004ZCAM03395_1100LMJ01_1200.jpg,484
https://mars.nasa.gov/mars2020-raw-images/pub/ods/surface/sol/00484/ids/edr/browse/zcam/ZL0_0484_0709906252_785EBY_N0261004ZCAM03020_0480LMJ01_1200.jpg,484
https://mars.nasa.gov/mars2020-raw-images/pub/ods/surface/sol/00484/ids/edr/browse/zcam/ZL1_0484_0709906233_785EBY_N0261004ZCAM03020_0480LMJ01_1200.jpg,484
https://mars.nasa.gov/mars2020-raw-images/pub/ods/surface/sol/00484/ids/edr/browse/zcam/ZL2_0484_0709905614_769EBY_N0261004ZCAM03395_1100LMJ01_1200.jpg,484
https://mars.nasa.gov/mars2020-raw-images/pub/ods/surface/sol/00484/ids/edr/browse/zcam/ZL2_0484_0709906214_785EBY_N0261004ZCAM03020_0480LMJ01_1200.jpg,484
https://mars.nasa.gov/mars2020-raw-images/pub/ods/surface/sol/00484/ids/edr/browse/zcam/ZL3_0484_0709905624_769EBY_N0261004ZCAM03395_1100LMJ01_1200.jpg,484
https://mars.nasa.gov/mars2020-raw-images/pub/ods/surface/sol/00484/ids/edr/browse/zcam/ZL4_0484_0709905634_774EBY_N0261004ZCAM03395_1100LMJ01_1200.jpg,484
https://mars.nasa.gov/mars2020-raw-images/pub/ods/surface/sol/00484/ids/edr/browse/zcam/ZL5_0484_0709905644_769EBY_N0261004ZCAM03395_1100LMJ01_1200.jpg,484
https://mars.nasa.gov/mars2020-raw-images/pub/ods/surface/sol/00484/ids/edr/browse/zcam/ZL6_0484_0709905654_769EBY_N0261004ZCAM03395_1100LMJ01_1200.jpg,484
https://mars.nasa.gov/mars2020-raw-images/pub/ods/surface/sol/00484/ids/edr/browse/zcam/ZL0_0484_0709905566_769EBY_N0261004ZCAM03395_1100LMJ01_1200.jpg,484
https://mars.nasa.gov/mars2020-raw-images/pub/ods/surface/sol/00484/ids/edr/browse/zcam/ZL0_0484_0709905843_943EBY_N0261004ZCAM03396_0790LMJ01_1200.jpg,484
https://mars.nasa.gov/mars2020-raw-images/pub/ods/surface/sol/00484/ids/edr/browse/zcam/ZL1_0484_0709905598_769EBY_N0261004ZCAM03395_1100LMJ01_1200.jpg,484
https://mars.nasa.gov/mars2020-raw-images/pub/ods/surface/sol/00484/ids/edr/browse/zcam/ZL2_0484_0709905608_769EBY_N0261004ZCAM03395_1100LMJ01_1200.jpg,484
https://mars.nasa.gov/mars2020-raw-images/pub/ods/surface/sol/00484/ids/edr/browse/zcam/ZL3_0484_0709905618_771EBY_N0261004ZCAM03395_1100LMJ01_1200.jpg,484
https://mars.nasa.gov/mars2020-raw-images/pub/ods/surface/sol/00484/ids/edr/browse/zcam/ZL3_0484_0709906195_785EBY_N0261004ZCAM03020_0480LMJ01_1200.jpg,484
https://mars.nasa.gov/mars2020-raw-images/pub/ods/surface/sol/00484/ids/edr/browse/zcam/ZL4_0484_0709905628_769EBY_N0261004ZCAM03395_1100LMJ01_1200.jpg,484
https://mars.nasa.gov/mars2020-raw-images/pub/ods/surface/sol/00484/ids/edr/browse/zcam/ZL4_0484_0709906176_785EBY_N0261004ZCAM03020_0480LMJ01_1200.jpg,484
https://mars.nasa.gov/mars2020-raw-images/pub/ods/surface/sol/00484/ids/edr/browse/zcam/ZL5_0484_0709905638_770EBY_N0261004ZCAM03395_1100LMJ01_1200.jpg,484
https://mars.nasa.gov/mars2020-raw-images/pub/ods/surface/sol/00484/ids/edr/browse/zcam/ZL5_0484_0709906153_785EBY_N0261004ZCAM03020_0480LMJ01_1200.jpg,484
https://mars.nasa.gov/mars2020-raw-images/pub/ods/surface/sol/00484/ids/edr/browse/zcam/ZL6_0484_0709905648_769EBY_N0261004ZCAM03395_1100LMJ01_1200.jpg,484
https://mars.nasa.gov/mars2020-raw-images/pub/ods/surface/sol/00484/ids/edr/browse/zcam/ZL6_0484_0709906129_785EBY_N0261004ZCAM03020_0480LMJ01_1200.jpg,484
https://mars.nasa.gov/mars2020-raw-images/pub/ods/surface/sol/00484/ids/edr/browse/zcam/ZL7_0484_0709906039_790EBY_N0261004ZCAM03020_0480LMJ01_1200.jpg,484
https://mars.nasa.gov/mars2020-raw-images/pub/ods/surface/sol/00484/ids/edr/browse/zcam/ZL0_0484_0709905594_771ECM_N0261004ZCAM03395_1100LMJ01_1200.jpg,484
https://mars.nasa.gov/mars2020-raw-images/pub/ods/surface/sol/00484/ids/edr/browse/zcam/ZL1_0484_0709905604_769ECM_N0261004ZCAM03395_1100LMJ01_1200.jpg,484
https://mars.nasa.gov/mars2020-raw-images/pub/ods/surface/sol/00484/ids/edr/browse/zcam/ZL1_0484_0709905851_943ECM_N0261004ZCAM03396_0790LMJ01_1200.jpg,484
https://mars.nasa.gov/mars2020-raw-images/pub/ods/surface/sol/00484/ids/edr/browse/zcam/ZL2_0484_0709905614_769ECM_N0261004ZCAM03395_1100LMJ01_1200.jpg,484
https://mars.nasa.gov/mars2020-raw-images/pub/ods/surface/sol/00484/ids/edr/browse/zcam/ZL2_0484_0709905864_943ECM_N0261004ZCAM03396_0790LMJ01_1200.jpg,484
https://mars.nasa.gov/mars2020-raw-images/pub/ods/surface/sol/00484/ids/edr/browse/zcam/ZL3_0484_0709905624_769ECM_N0261004ZCAM03395_1100LMJ01_1200.jpg,484
https://mars.nasa.gov/mars2020-raw-images/pub/ods/surface/sol/00484/ids/edr/browse/zcam/ZL3_0484_0709905877_943ECM_N0261004ZCAM03396_0790LMJ01_1200.jpg,484
https://mars.nasa.gov/mars2020-raw-images/pub/ods/surface/sol/00484/ids/edr/browse/zcam/ZL4_0484_0709905634_774ECM_N0261004ZCAM03395_1100LMJ01_1200.jpg,484
https://mars.nasa.gov/mars2020-raw-images/pub/ods/surface/sol/00484/ids/edr/browse/zcam/ZL4_0484_0709905889_943ECM_N0261004ZCAM03396_0790LMJ01_1200.jpg,484
https://mars.nasa.gov/mars2020-raw-images/pub/ods/surface/sol/00484/ids/edr/browse/zcam/ZL5_0484_0709905644_769ECM_N0261004ZCAM03395_1100LMJ01_1200.jpg,484
https://mars.nasa.gov/mars2020-raw-images/pub/ods/surface/sol/00484/ids/edr/browse/zcam/ZL5_0484_0709905902_943ECM_N0261004ZCAM03396_0790LMJ01_1200.jpg,484
https://mars.nasa.gov/mars2020-raw-images/pub/ods/surface/sol/00484/ids/edr/browse/zcam/ZL6_0484_0709905654_769ECM_N0261004ZCAM03395_1100LMJ01_1200.jpg,484
https://mars.nasa.gov/mars2020-raw-images/pub/ods/surface/sol/00484/ids/edr/browse/zcam/ZL6_0484_0709905915_943ECM_N0261004ZCAM03396_0790LMJ01_1200.jpg,484
https://mars.nasa.gov/mars2020-raw-images/pub/ods/surface/sol/00484/ids/edr/browse/zcam/ZL0_0484_0709905566_769ECM_N0261004ZCAM03395_1100LMJ01_1200.jpg,484
https://mars.nasa.gov/mars2020-raw-images/pub/ods/surface/sol/00484/ids/edr/browse/zcam/ZL0_0484_0709905843_943ECM_N0261004ZCAM03396_0790LMJ01_1200.jpg,484
https://mars.nasa.gov/mars2020-raw-images/pub/ods/surface/sol/00484/ids/edr/browse/zcam/ZL0_0484_0709906252_785ECM_N0261004ZCAM03020_0480LMJ01_1200.jpg,484
https://mars.nasa.gov/mars2020-raw-images/pub/ods/surface/sol/00484/ids/edr/browse/zcam/ZL1_0484_0709905598_769ECM_N0261004ZCAM03395_1100LMJ01_1200.jpg,484
https://mars.nasa.gov/mars2020-raw-images/pub/ods/surface/sol/00484/ids/edr/browse/zcam/ZL1_0484_0709906233_785ECM_N0261004ZCAM03020_0480LMJ01_1200.jpg,484
https://mars.nasa.gov/mars2020-raw-images/pub/ods/surface/sol/00484/ids/edr/browse/zcam/ZL2_0484_0709905608_769ECM_N0261004ZCAM03395_1100LMJ01_1200.jpg,484
https://mars.nasa.gov/mars2020-raw-images/pub/ods/surface/sol/00484/ids/edr/browse/zcam/ZL2_0484_0709906214_785ECM_N0261004ZCAM03020_0480LMJ01_1200.jpg,484
https://mars.nasa.gov/mars2020-raw-images/pub/ods/surface/sol/00484/ids/edr/browse/zcam/ZL3_0484_0709905618_771ECM_N0261004ZCAM03395_1100LMJ01_1200.jpg,484
https://mars.nasa.gov/mars2020-raw-images/pub/ods/surface/sol/00484/ids/edr/browse/zcam/ZL3_0484_0709906195_785ECM_N0261004ZCAM03020_0480LMJ01_1200.jpg,484
https://mars.nasa.gov/mars2020-raw-images/pub/ods/surface/sol/00484/ids/edr/browse/zcam/ZL4_0484_0709905628_769ECM_N0261004ZCAM03395_1100LMJ01_1200.jpg,484
https://mars.nasa.gov/mars2020-raw-images/pub/ods/surface/sol/00484/ids/edr/browse/zcam/ZL4_0484_0709906176_785ECM_N0261004ZCAM03020_0480LMJ01_1200.jpg,484
https://mars.nasa.gov/mars2020-raw-images/pub/ods/surface/sol/00484/ids/edr/browse/zcam/ZL5_0484_0709905638_770ECM_N0261004ZCAM03395_1100LMJ01_1200.jpg,484
https://mars.nasa.gov/mars2020-raw-images/pub/ods/surface/sol/00484/ids/edr/browse/zcam/ZL5_0484_0709906153_785ECM_N0261004ZCAM03020_0480LMJ01_1200.jpg,484
https://mars.nasa.gov/mars2020-raw-images/pub/ods/surface/sol/00484/ids/edr/browse/zcam/ZL6_0484_0709905648_769ECM_N0261004ZCAM03395_1100LMJ01_1200.jpg,484
https://mars.nasa.gov/mars2020-raw-images/pub/ods/surface/sol/00484/ids/edr/browse/zcam/ZL6_0484_0709906129_785ECM_N0261004ZCAM03020_0480LMJ01_1200.jpg,484
https://mars.nasa.gov/mars2020-raw-images/pub/ods/surface/sol/00484/ids/edr/browse/zcam/ZL7_0484_0709906039_790ECM_N0261004ZCAM03020_0480LMJ01_1200.jpg,484
https://mars.nasa.gov/mars2020-raw-images/pub/ods/surface/sol/00484/ids/edr/browse/fcam/FLF_0484_0709914237_199ECM_N0261004FHAZ00206_01_295J01_1200.jpg,484
https://mars.nasa.gov/mars2020-raw-images/pub/ods/surface/sol/00484/ids/edr/browse/fcam/FRF_0484_0709914237_199ECM_N0261004FHAZ00206_01_295J01_1200.jpg,484
https://mars.nasa.gov/mars2020-raw-images/pub/ods/surface/sol/00484/ids/edr/browse/scam/LRF_0484_0709909319_341EBY_N0261004SCAM04484_0110I6J01_1200.jpg,484
https://mars.nasa.gov/mars2020-raw-images/pub/ods/surface/sol/00484/ids/edr/browse/scam/LRE_0484_0709909319_341ECM_N0261004SCAM04484_0110I6J01_1200.jpg,484
